article_name,similarity_score
train_766,0.5768559175328374
train_764,0.5685223486930107
train_723,0.5597170230432431
train_793,0.5579114835889141
train_118,0.5446146640039564
