article_name,sci_similarity
train_811,0.8244742258750203
test_2093,0.8204179069691784
train_54,0.8088551626380647
test_2143,0.8081478639161181
train_92,0.8070074084211347
